app,desc,org,star,url
"Athan: Ramadan 2018, Prayer Time, Azan, Quran, Dua",  æœ€å¥½çš„æ‡‰ç”¨ç¨‹åºç”¨æ–¼ç¦®æ‹œçš„æ™‚é–“ï¼Œå–šç¦®é¬§é˜ï¼Œæ—¥æ›†é½‹æœˆï¼Œæœæ‹œå’Œç©†æ–¯æ—çƒç‘ª    ,IslamicFinder.org,4.7,https://play.google.com/store/apps/details?id=com.athan
"Waktu Solat -Kiblat, Azan, Doa",  é€™å€‹ç¨‹åºæä¾›äº†ç¥ˆç¦±æ™‚é–“ï¼Œæœæ‹œï¼Œæ¸…çœŸå¯ºçš„ä½ç½®å’Œæ›´å¤šçš„åŠŸèƒ½ã€‚    ,Kamal Kornain,4.5,https://play.google.com/store/apps/details?id=com.koranto.addin
æ‰¾åˆ°æœæ‹œæ–¹å‘,  æ‰¾åˆ°å‡†ç¡®çš„æœæ‹œæ–¹å‘    ,Quran Reading,4.3,https://play.google.com/store/apps/details?id=com.quranreading.qibladirection
Prayer Now | Azan Prayer Time & Muslim Azkar,  ç©†æ–¯æ—ï¼ƒ1ğŸ¥‡å–šç¦®ç¥ˆç¦±æ™‚é–“å’ŒQuiblaèˆ‡é½‹æœˆè²éŸ³ï¼ŒAzkarï¼ŒEIDå¡ã€‚    ,AppRocks Dev Inc.,4.7,https://play.google.com/store/apps/details?id=com.AppRocks.now.prayer
å®£ç¤¼æ—¶é—´è½¯ä»¶,  ä¼Šæ–¯å…°å®ç”¨çš„åº”ç”¨ç¨‹åºï¼Œå¤å…°ç»ï¼Œå®£ç¤¼çš„æ—¶é—´å’Œæ›´å¤šçš„åŠŸèƒ½ã€‚    ,MaviayÂ®,4.7,https://play.google.com/store/apps/details?id=com.mobilexsoft.ezanvakti
"Muslim: Prayer Times, Qibla, Quran, Ramadan 2018",  æ¸…çœŸæ‡‰ç”¨æ¯å¤©ç¥ˆç¦±æ™‚é–“ï¼Œå¯è˜­ç¶“ï¼Œæœæ‹œçš„æ–¹å‘å’Œæ™‚é–“è¡¨é½‹æœˆï¼    ,Muslim Assistant,4.6,https://play.google.com/store/apps/details?id=com.hundred.qibla
ç¦®æ‹œæ™‚é–“ (æœæ‹œæ–¹å‘),  å¥¹å¯ä»¥æ ¹æ“šGPSå®šä½ç•¶å‰ä½ç½®çš„ç¦®æ‹œæ–¹å‘ï¼ˆæœå‘éº¥åŠ çš„ç¦å¯ºï¼‰ï¼Œ ä¸¦å¯ä»¥è‡ªå‹•ç²å–ç•¶å‰ä½ç½®çš„æ™‚å€æˆ–æ‰‹å‹•æ·»åŠ æ‰€åœ¨ä½ç½®çš„åŸå¸‚ä¿¡æ¯ï¼Œ ä»¥æ­¤ä¾†ç²¾ç¢ºç¦®æ‹œæ™‚é–“ã€‚    ,PXL APPS,4.4,https://play.google.com/store/apps/details?id=com.muslimtoolbox.app.android.prayertimes
ç¦±å‘Šæ™‚é–“ ï¼š EAlim - æœæ‹œï¼Œ å¤è˜­ç¶“ï¼Œ é½‹æœˆ 2018,  æº–ç¢ºçš„æ¯æ—¥ç¥ˆç¦±æ™‚é–“å’Œæœæ‹œæ–¹å‘çš„ç©†æ–¯æ—ä¸–ç•Œå„åœ°ã€‚é½‹æœˆæ—¥æ›†ï¼Œä¼Šæ–¯è˜­ç¥ˆç¦±æ™‚é–“å’Œæœæ‹œæ–¹å‘ã€‚    ,EALIM TECHNOLOGY LIMITED,4.3,https://play.google.com/store/apps/details?id=com.eAlimTech.PTIMES
Al-Moazin Lite (Prayer Times),  é‹Moazinï¼Œæ˜¯æœ€å¥½çš„ç¦±å‘Šæ™‚é–“çš„ç§»å‹•æ‡‰ç”¨    ,Parfield,4.6,https://play.google.com/store/apps/details?id=com.parfield.prayers.lite
"Sajda - Prayer times, Quran, Azan & Qibla",  æº–ç¢ºçš„ç©†æ–¯æ—ç¥ˆç¦±æ™‚é–“ï¼Œæœæ‹œï¼Œå¤è˜­ç¶“ï¼ˆ30 +ç¿»è­¯ï¼‰ã€‚ç„¡å»£å‘Šã€‚ 100ï¼…å…è²»    ,GOOD/APP,4.8,https://play.google.com/store/apps/details?id=com.raimbekov.android.sajde
"My Prayer: Qibla, Athan, Quran",  æ‰€æœ‰æœ€ä½³ä¼Šæ–¯è˜­æ‡‰ç”¨ç¨‹åºåœ¨ä¸€å€‹ç©†æ–¯æ—æ‡‰ç”¨ï¼šç¥ˆç¦±æ™‚é–“ï¼Œå¤è˜­ç¶“ï¼Œè–è¨“æœæ‹œå®£ç¦®    ,"Active Mobile Applications, LLC",4.6,https://play.google.com/store/apps/details?id=com.mobileappsteam.myprayer
Quran for Android,  ä¸€å€‹ç¾éº—çš„å¤è˜­ç¶“æ‡‰ç”¨ç¨‹åºç‚ºAndroidã€‚    ,quran.com,4.7,https://play.google.com/store/apps/details?id=com.quran.labs.androidquran
ç¦±å‘Šæ™‚é–“æ‰€æœ‰çš„ç¥ˆç¦±,  ç¦±å‘Šæ™‚é–“æ‰€æœ‰ç¥ˆç¦±çš„æ˜¯Androidæ‡‰ç”¨ç¨‹åºåœ¨æ‰‹æ©Ÿä¸Šçš„å ±è­¦ã€‚    ,MarkTiger,4.4,https://play.google.com/store/apps/details?id=com.azan.prayer.athan.time
Athan Pro Muslim: Prayer Times Quran & Qibla,  è¢«è­½ç‚ºæœ€å¥½çš„ç§»å‹•æ‡‰ç”¨ç¨‹åºçš„ATHANç¥ˆç¦±æ™‚é–“ï¼Œå¤è˜­ç¶“ï¼Œè–è¨“ï¼Œæœæ‹œé½‹æœˆ    ,Quanticapps Ltd,4.5,https://play.google.com/store/apps/details?id=com.quanticapps.athan
My Prayer,  è¨ˆç®—ç©†æ–¯æ—ç¦±å‘Šæ™‚é–“Ù„Ø­Ø³Ø§Ø¨Ù…ÙˆØ§Ù‚ÙŠØªØ§Ù„ØµÙ„ÙˆØ§Øª    ,Azure Droid,4.7,https://play.google.com/store/apps/details?id=com.haz.prayer
Athanotify - prayer times,  ä¼Šæ–¯è˜­ç¥ˆç¦±æ™‚é–“ï¼Œæœæ‹œï¼Œå›æ­·ï¼Œå ±è­¦ï¼Œä¼Šæ–¯è˜­æ¯å¤©æé†’...    ,el cheikh,4.7,https://play.google.com/store/apps/details?id=com.athanotify
"Muslim Ummah - Quran, Prayer Times, Qibla, Ramadan",  å»ºç«‹ä¸€å€‹ç¤¾å€æ‰€æœ‰ç©†æ–¯æ—ç‰¹è‰²çš„å¤è˜­ç¶“ï¼Œç¥ˆç¦±æ™‚é–“å’Œé½‹æœˆ    ,Muslim Ummah,4.7,https://play.google.com/store/apps/details?id=com.muslim.android
æœæ‹œæŒ‡å—é‡ - ç¦±å‘Šæ™‚é–“å’Œé½‹æœˆ2018å¹´,"  Find Qibla with Map, Prayer Times, Islamic Date Converter with multiple Azan.    ",AppSourceHub,4.5,https://play.google.com/store/apps/details?id=com.qiblafinder.prayertime.hijricalendar
Time for Pray,  ç©†æ–¯æ—ç¥ˆç¦±æ™‚é–“çš„Cardinallyæ–°é®®å’Œé‡æ–°å®šç¾©è¡¨ç¤ºã€‚    ,Ruslan Elmurzaev,4.8,https://play.google.com/store/apps/details?id=com.namaztime
Ø£Ø¯Ø¹ÙŠØ© ÙˆØ£Ø°ÙƒØ§Ø± Ø­ØµÙ† Ø§Ù„Ù…Ø³Ù„Ù…,  åœ¨æˆ‘å€‘çš„æ—¥å¸¸ç”Ÿæ´»ä¸­ï¼Œä¸¦åœ¨æˆ‘å€‘èˆ‡äººäº¤å¾€Alozcareltaä¸å¯æˆ–ç¼º    ,RootDev,4.7,https://play.google.com/store/apps/details?id=com.hisn.almuslim
Ø¨Ø±Ù†Ø§Ù…Ø¬ Ø§Ù„Ù…Ø¤Ø°Ù† Ùˆ Ø§Ù„Ù‚Ø¨Ù„Ø© Ùˆ Ø­ØµÙ† Ø§Ù„Ù…Ø³Ù„Ù…,  ä¸–ç•Œä¸Šç©†æ–¯æ—å…¨æ–¹å‘+æ–¹å‘+è¦å¡çš„æ‰€æœ‰åœ‹å®¶ç¥ˆç¦±æ™‚é–“    ,Arab Boxx,4.5,https://play.google.com/store/apps/details?id=com.arabboxx.moazen
è¬è¬è˜‡ä¸¹MP3,  æ•˜è¿°è˜‡ä¸¹è˜‡ä¸¹çš„å¤è˜­ç¶“ä¸­çš„Juz Amma    ,yuumedia,4.5,https://play.google.com/store/apps/details?id=com.andromo.dev27966.app214596
Ø¢Ø°Ø§Ù† ÙˆØ£Ø°ÙƒØ§Ø±,  ç•«å»Šå’Œç´€å¿µç©†æ–¯æ—å’Œæœæ‹œæ–¹å‘    ,A.Abdo,4.7,https://play.google.com/store/apps/details?id=com.abdo.azan.zikr
"Daily Supplications (Duas, Quran, Salat)",  é–±è®€å’Œæ—¥å¸¸å‚¾è½ä¾†è‡ªå¤è˜­ç¶“å’Œæ¾ç´è¶…é300æ‡‡æ±‚ã€‚    ,YoubO apps,4.8,https://play.google.com/store/apps/details?id=inc.com.youbo.invocationsquotidiennes.free
å¤å…°ç»ç®€ä½“ä¸­å›½,  é“å¤å…°ç»å¡é‡Œå§†ä¸MP3æœ—è¯»ï¼Œç¿»è¯‘å’ŒéŸ³è¯‘åº”ç”¨    ,Quran Reading,4.7,https://play.google.com/store/apps/details?id=com.QuranReading.qurannow
Ø§Ù„Ø£Ø°Ø§Ù† : Ù…ÙˆØ§Ù‚ÙŠØª Ø§Ù„ØµÙ„Ø§Ø©,  æ‡‰ç”¨è€³ç¦±å‘Šæ™‚é–“çš„å°ˆæ¥­æé†’æ‚¨æ¯æ—¥äº”æ¬¡çš„ç¥ˆç¦±æœæ‹œæ–¹å‘çš„åˆ°é”æ™‚é–“    ,Izemtech Inc,4.7,https://play.google.com/store/apps/details?id=com.izemtech.athan_salaat
ç©†æ–¯æ—é˜¿æ¡‘ - å¤è˜­ç¶“ï¼ŒåŸºå¸ƒæ‹‰ï¼Œç¦±å‘Šæ™‚å ±å’Œé˜¿è´Š,  è·ŸAthanè·Ÿè¸ªæ¯å¤©ä¼Šæ–¯è˜­ç¥ˆç¦±æ™‚é–“ï¼Œä¸¦ç²å¾—æº–ç¢ºçš„é½‹æœˆè¨ˆæ™‚    ,Guru Apps Studio,4.7,https://play.google.com/store/apps/details?id=com.muslim.athan.ramadantimes
ĞœÑƒÑĞ»Ğ¸Ğ¼ Ñ‚Ğ°Ò›Ğ²Ğ¸Ğ¼Ğ¸ (Ğ½Ğ°Ğ¼Ğ¾Ğ· Ğ²Ğ° Ğ°Ğ·Ğ¾Ğ½),  ç©†æ–¯æ—taÒ›vimi -  Namozovç¾¤å³¶æ°®é…®Dasturã€‚ç©†æ–¯æ—Taqwa  - ç¥ˆç¦±å’Œå®£ç¦®ã€‚    ,Al Khorazmiy,4.8,https://play.google.com/store/apps/details?id=com.alkhorazmiy.muslimtaqvim
Adan Maroc, Ø§ÙˆÙ‚Ø§ØªØ§Ù„ØµÙ„Ø§Ø©ÙÙŠØ§Ù„Ù…ØºØ±Ø¨ï¼ŒØ§ØªØ¬Ø§Ù‡Ø§Ù„Ù‚Ø¨Ù„Ø©ï¼ŒØ§Ø°ÙƒØ§Ø±ç¥ˆç¦±æ™‚é–“    ,Mazoul dev,4.7,https://play.google.com/store/apps/details?id=ma.maznet.eladan
ç©†æ–¯æ—åº”ç”¨ - Qiblaå’Œå”¤ç¤¼,  ä¸ºç©†æ–¯æ—äººæœ€ä½¿ç”¨æ–¹ä¾¿çš„åº”ç”¨ï¼å”¤ç¤¼ï¼ŒæŒ‡å—é’ˆåœ¨æˆ‘ä»¬åº”ç”¨é‡Œã€‚    ,Craigpark Limited,4.7,https://play.google.com/store/apps/details?id=park.ramadan.app
"Prayer Times, Athan and Qibla",  ç¥ˆç¦±æ¬¡ATHANé€šçŸ¥å’Œæœæ‹œçš„æ–¹å‘ã€‚    ,Andi Unpam,4.4,https://play.google.com/store/apps/details?id=com.andi.waktusholatdankiblat
ç¥ˆç¦±æ™‚é–“ï¼šæœæ‹œæŒ‡å—é‡ï¼Œå¤è˜­ç¶“å’Œé½‹æœˆ2018å¹´,  ç¥ˆç¦±æ™‚é–“èˆ‡é½Šå¸ƒæ‹‰ï¼ŒHijriï¼Œå¤è˜­ç¶“ï¼ŒAzanï¼Œé½‹æœˆæ™‚ä»£ï¼ŒTasbeehã€‚    ,AppSourceHub,4.6,https://play.google.com/store/apps/details?id=com.prayertimes.qibla.appsourcehub
è¦–è¦ºæœæ‹œæ–¹å‘,  æœ€çµ‚çš„ç§»å‹•æœæ‹œæ–¹å‘æ‡‰ç”¨ï¼Œç”±ä½ è‡ªå·±æ ¸å¯¦æœæ‹œæ–¹å‘    ,Samer Joudi,4.4,https://play.google.com/store/apps/details?id=com.geospatialtechnology.visualqiblah
Muslim Companion: Ramadan 2018,  è–©æ‹‰ç‰¹è¿½è¸ªèˆ‡Qiblaï¼Œç¥ˆç¦±æ™‚ä»£ï¼Œå¤è˜­ç¶“ï¼Œé½‹æœˆæ™‚ä»£ï¼ŒSadaqahç­‰ã€‚    ,AppSourceHub,4.7,https://play.google.com/store/apps/details?id=com.ramadan.appsourcehub
Azan Saudi Arabia,  é˜¿è´Šæ²™ç‰¹è¨ˆç®—ç¥ˆç¦±ï¼Œå¤è˜­ç¶“ï¼ŒAzkarï¼Œæœæ‹œçš„æ™‚é–“ã€‚    ,Mazoul dev,4.8,https://play.google.com/store/apps/details?id=ma.mazdev.azan.saudi
Qibla Direction Finder Compass,  æŸ¥æ‰¾æœæ‹œï¼Œkiblaï¼Œå¸¶æŒ‡å—é‡kiblahæ–¹å‘ã€‚æœç´¢æ–¹å‘æœæ‹œæŒ‡å—é‡    ,One Tap Games Studio,4.3,https://play.google.com/store/apps/details?id=com.apps.compass.qibla
"Prayer times, Qiblah, Adzan",  å°æ–¼ç©†æ–¯æ—èˆ‡éº¥åŠ æ–¹å‘å®šä½ç¦±å‘Šæ™‚é–“è¡¨ï¼ˆè‡ªå‹•adzanï¼‰    ,BriXzeN,4.4,https://play.google.com/store/apps/details?id=com.brixzen.jadwalsholat
å¤è˜­ç¶“ - ç©†æ–¯æ—ä¼Šæ–¯è˜­ Ø§Ù„Ù‚Ø±Ø¢Ù†,  æ˜¯ä¸€ä¸ªéå¸¸æ£’çš„å¯å…°ç»åº”ç”¨ç¨‹åºã€‚å®ƒè®©ä½ åœ¨å¿™ç¢Œä¸­ä¹Ÿèƒ½é˜…è¯»å’Œå¬å¤å…°ç»    ,Pakdata,4.8,https://play.google.com/store/apps/details?id=com.pakdata.QuranMajeed
Islamic Prayer Times Qibla Salat Locator,  ç¥ˆç¦±æ™‚å ±æœæ‹œå’Œä¸–ç•Œå„åœ°çš„åŸå¸‚å®šä½æœæ‹œè–©æ‹‰ç‰¹ä¼Šæ–¯è˜­æ•™ç¥ˆç¦±æ™‚å ±    ,Islam.ms,4.7,https://play.google.com/store/apps/details?id=net.sunnite.qiblasalat
Al-Quran (Free),  æ‰€æœ‰Suras..All Text..Noäº’è¯ç¶²ÙƒÙ„Ø§Ù„Ø³ÙˆØ±Ù†ØµÙƒØ§Ù…Ù„Ø¨Ø¯ÙˆÙ†Ø§Ù†ØªØ±Ù†Øª    ,ISYSWAY,4.6,https://play.google.com/store/apps/details?id=com.isysway.free.alquran
Ø§Ù„Ù…Ø¤Ø°Ù† : Ø§ÙˆÙ‚Ø§Øª Ø§Ù„ØµÙ„Ø§Ø©,  2018å®£ç¦®å“¡éš¨æ™‚æ›´æ–°ï¼Œæ¯å€‹åœ‹å®¶ç¥ˆç¦±æ™‚é–“ç›¸ç•¶å…·é«”çš„ä¸–ç•Œ    ,smart arab apps,4.8,https://play.google.com/store/apps/details?id=com.tota.mothen
Ezan Vakti Pro Lite,  çš„å°ˆæ¥­ç‰ˆATHAN VaktiåŠŸèƒ½é™ä½ã€‚    ,MaviayÂ®,4.4,https://play.google.com/store/apps/details?id=com.mobilexsoft.ezanvaktilite
é‹å¤è˜­ç¶“30ä¸€å·é›¢ç·š,  å¤è˜­ç¶“æ›¸ä¸‹ç·šåƒå¯¦éš›å¤è˜­ç¶“é–±è®€æ‚¨çš„Androidè¨­å‚™ã€‚    ,khasologix,4.7,https://play.google.com/store/apps/details?id=com.khaso.alquran.holybook.read.offline
Ø§Ù„Ù…Ø¤Ø°Ù† Ø§Ù„Ø£Ù„ÙƒØªØ±ÙˆÙ†ÙŠ,  å®£ç¦®å“¡çš„éƒµä»¶ï¼Œä»¥ç¢ºå®šç¦±å‘Šæ™‚é–“å°ä¸–ç•Œä¸Šæ‰€æœ‰åœ‹å®¶    ,A_Team,4.7,https://play.google.com/store/apps/details?id=com.electronicmoazen
"Salaat First 2018 - Prayer Times, Adhan and Qibla",  ç¥ˆç¦±æ™‚é–“å’Œæœæ‹œæ–¹å‘ï¼Œç„¡è«–ä½ æ˜¯ï¼    ,Assraab Abdelwahed,4.8,https://play.google.com/store/apps/details?id=com.trg.salat
ç¦±å‘Šæ™‚é–“ï¼šAzan Alarmï¼ŒQibla,  æ‰€æœ‰ç©†æ–¯æ—çš„æœ€ä½³ç©†æ–¯æ—é…å¥—Androidæ‡‰ç”¨ç¨‹åºã€‚    ,Fauztech,4.5,https://play.google.com/store/apps/details?id=com.fauztech.prayer.times.salat.azan.alarm.qibla
Prayer Time & Qibla for India,  ç¦±å‘Šæ™‚é–“åœ¨æ‰‹æ©Ÿä¸Šï¼ŒåŒ…æ‹¬tahajudåœ¨æ‰‹æ©Ÿä¸Šå’Œçª—å£å°éƒ¨ä»¶    ,ARz,4.8,https://play.google.com/store/apps/details?id=arz.prayertimeindia
Qibla (æœæ‹œæ–¹å‘å’Œç¥ˆç¦±æ™‚é–“),  ç°åœ¨ä½ å¯ä»¥æ‰¾åˆ°æ–¹å‘çš„Qiblaå’Œä½ çš„ä½ç½®å’Œä½ çš„é€Ÿåº¦    ,khaled habbachi,4.6,https://play.google.com/store/apps/details?id=com.khalnadj.khaledhabbachi.myqiblah
100% Qibla Finder,  ä½å°ºå¯¸æœæ‹œå®šä½å™¨ã€‚é¡¯ç¤ºå…¨çƒ100ï¼…çš„å…‹çˆ¾ç™½æ–¹å‘ã€‚ç°¡å–®å’Œæ–¹ä¾¿ã€‚    ,Muslim Assistant,4.2,https://play.google.com/store/apps/details?id=com.hundred.qibla.finder
Al'Quran Bahasa Indonesia,  é–±è®€å°å°¼å¤è˜­ç¶“    ,Seconda Variante,4.6,https://play.google.com/store/apps/details?id=com.martinvillar.android.quranindonesia
Quran Read and Listen Offline,  èƒŒèª¦å’Œè½å¤è˜­ç¶“é›¢ç·šä½¿ç”¨ï¼Œä¾‹å¦‚å¯¦éš›å¤è˜­ç¶“æ›¸åœ¨ä½ çš„æ‰‹ã€‚    ,Sea Pack Solutions,4.8,https://play.google.com/store/apps/details?id=com.innovative.quran.holybook.offline.read
Adhan Time Holy Quran Classic,  ä¼Šæ–¯è˜­ç”Ÿæ´»åŠ©ç†    ,MaviayÂ®,4.5,https://play.google.com/store/apps/details?id=com.mobilexsoft.ezanvaktiold
Prayer Times ( Ø£ÙˆÙ‚Ø§Øª Ø§Ù„ØµÙ„Ø§Ø© ) : Qibla Direction,  ç¥ˆç¦±æ™‚é–“ï¼Œæœæ‹œæ–¹å‘ï¼Œä¼Šæ–¯è˜­æ•™å“ˆä¼Šè£¡Calenerå’Œæœé˜¿çš„åœ¨ä¸€å€‹æ‡‰ç”¨ç¨‹åºã€‚    ,"JZZ The I.T Solution, Pvt. Ltd.",4.7,https://play.google.com/store/apps/details?id=com.jzz.the.it.solutions.ramdan.timmings.timmings
é˜¿èµè­¦æŠ¥,  ä¼Šæ–¯å…°å®ç”¨çš„åº”ç”¨ç¨‹åºï¼Œå¤å…°ç»ï¼Œå®£ç¤¼çš„æ—¶é—´å’Œæ›´å¤šçš„åŠŸèƒ½ã€‚    ,TURKUAZ SOFT,4.5,https://play.google.com/store/apps/details?id=com.turkuazsoftware.ezanalarm
"Islamuna: Prayer Times, Ramadan Time, Quran, Naats",  ç¥ˆç¦±æ™‚é–“ï¼Œé½‹æœˆæ™‚å ±é½‹æœˆæ—¥æ›†ï¼Œå¤è˜­ç¶“å¡é‡Œå§†NAATï¼Œæœæ‹œæ–¹å‘    ,Hamariweb.com,4.8,https://play.google.com/store/apps/details?id=com.hamariweb.islamuna
Ezan Vakti - Ezan Dinle,  ç¥ˆç¦±æ™‚é–“æ‰€æœ‰åœ‹å®¶ã€‚ä½ å¯ä»¥ç”¨å®£ç¦®éˆ´è²è½åˆ°ã€‚    ,6th Pro,4.3,https://play.google.com/store/apps/details?id=com.Gthpro.ezanzilsesi
Adzan Indonesia : jadwal sholat 2018,  å°å°¼å®£ç¦®è¨ˆç®—åœ¨å°å°¼ï¼Œå¤è˜­ç¶“ï¼ŒAzkarï¼Œæœæ‹œç¦±å‘Šæ™‚é–“è¡¨ã€‚    ,Mazoul dev,4.6,https://play.google.com/store/apps/details?id=ma.jadwal.sholat.indonesia
My Prayers,  å®ƒèˆ‡ç¥ˆç¦±æ™‚é–“ï¼Œæœæ‹œï¼ŒAzkarsï¼Œæ¸…çœŸå¯ºå’Œæ›´å¤šçš„ä¼Šæ–¯è˜­æ‡‰ç”¨ç¨‹åºã€‚    ,Kosrat D. Ahmad,4.8,https://play.google.com/store/apps/details?id=com.kosratdahmad.myprayers
ä¼Šæ–¯è˜­æ•™çš„â€œå¤è˜­ç¶“åœ¨ä¸­åœ‹â€,  è²´æ—å¤è˜­ç¶“å¾ˆå¤šåŠŸèƒ½ï¼Œå¯ä»¥é–±è®€ï¼Œè†è½å’Œå­¸ç¿’    ,dimach.cassiope,4.8,https://play.google.com/store/apps/details?id=com.chaks.quran
Quran Pro Muslim: MP3 Audio offline & Read Tafsir,  å¤è˜­ç¶“æ‡‰ç”¨ç¨‹åºæ˜¯åœ¨ä¸–ç•Œä¸Šå¡”è²»çˆ¾æ¿ƒç¸®æœ€å¥½çš„å¤è˜­ç¶“è¬èµ«    ,Quanticapps Ltd,4.8,https://play.google.com/store/apps/details?id=com.quanticapps.quranandroid
Ù…ÙˆØ§Ù‚ÙŠØª Ø§Ù„ØµÙ„Ø§Ø© ÙÙŠ Ù…ØµØ±,  åœ¨åŸƒåŠç¥ˆç¦±æ™‚é–“è¢«è¨­è¨ˆæˆè±¡å¾µç¥ˆç¦±æ™‚é–“ï¼Œæœæ‹œï¼Œå®£ç¦®å“¡ï¼Œå¯è˜­ç¶“..    ,Mazoul dev,4.8,https://play.google.com/store/apps/details?id=ma.mazdev.azan.egypt
Al Quran Audio (Full 30 Juz),  é€™äº›éƒ½æ˜¯ä¸€äº›æœ€å¥½çš„å¤è˜­ç¶“èƒŒèª¦å¹´ä»£æœ€æµè¡Œçš„å¡é‡Œçš„    ,JJT Dev,4.7,https://play.google.com/store/apps/details?id=com.alquran.full.juzz.free.js
MP3 Quran,  å¸‚å ´ä¸Šæœ€ç°¡å–®çš„å¤è˜­ç¶“æ‡‰ç”¨ï¼ŒUç›¤å¯ä»¥ä¸‹è¼‰ï¼Œè½ï¼Œè®€å¤è˜­ç¶“åœ¨æ—…é€”    ,Ultimate Vision,4.6,https://play.google.com/store/apps/details?id=appinventor.ai_hamada_yousef_o.MP3Quruan_2
Step By Step Salah - Namaz,  æœ‰ç”¨çš„æ‡‰ç”¨ç¨‹åºä¾†å­¸ç¿’æä¾›è–©æ‹‰èµ«æœ‰é“    ,Quran Reading,4.6,https://play.google.com/store/apps/details?id=com.quranreading.stepbystepsalat
Ayat - Al Quran,  ç¶œåˆå¤è˜­ç¶“æ‡‰ç”¨ï¼ˆé›»å­Mosshafï¼‰å…·æœ‰ç¨ç‰¹çš„åŠŸèƒ½ã€‚    ,ETC KSU,4.7,https://play.google.com/store/apps/details?id=sa.edu.ksu.Ayat
Prayer Times and Qibla,  ç¥ˆç¦±æ™‚é–“ï¼Œå®£ç¦®ï¼Œå ±è­¦ï¼Œæœæ‹œï¼Œæœ€è¿‘çš„æ¸…çœŸå¯ºã€‚ç„¡å»£å‘Šã€‚    ,zero_,4.6,https://play.google.com/store/apps/details?id=com.reworewo.prayertimes
Al Quran (Tafsir & by Word),  é€šéæ¸¬å­—ï¼Œæœ‰è‰²Tajweedå’Œå¡”è²»çˆ¾å­¸ç¿’å¤è˜­ç¶“é€šéå­—    ,GreenTech Apps,4.8,https://play.google.com/store/apps/details?id=com.greentech.quran
Kuwait Prayer Times,  ç§‘å¨ç‰¹PrayerTimesæ˜¯ç¬¬ä¸€å€‹æ‡‰ç”¨ç¨‹åºï¼Œä½¿æ‚¨åœ¨ç§‘å¨ç‰¹çš„ç¥ˆç¦±æ™‚é–“ã€‚    ,NEG3A LABS,4.6,https://play.google.com/store/apps/details?id=com.PrayerTimes
Ù…ÙˆØ§Ù‚ÙŠØª Ø§Ù„ØµÙ„Ø§Ø© Ø§Ù„Ø¹Ø±Ø§Ù‚ 2018,  åœ¨ä¼Šæ‹‰å…‹ç¥ˆç¦±æ™‚é–“è¢«è¨­è¨ˆæˆè¨ˆç®—åœ¨ä¼Šæ‹‰å…‹ï¼Œè€³æœµï¼Œå¤è˜­ç¶“ç¥ˆç¦±çš„æ™‚å€™ï¼Œdhikrçš„    ,Mazoul dev,4.7,https://play.google.com/store/apps/details?id=ma.mazdev.azan.iraq
ä¼—å…ˆçŸ¥çš„æ•…äº‹ | éŸ³é¢‘ & æ–‡æœ¬,  é˜…è¯»å’Œå¬ä¼Šæ–¯å…°æ•™å…ˆçŸ¥çš„æ•…äº‹ã€‚ä¼Šç›ç›®ä¼Šæœ¬æœ¬Kathirã€‚    ,Jannaty Pro,4.8,https://play.google.com/store/apps/details?id=qisasanboya.storyofprophets.kisasanbiya
Namaz Vakitleri & KÄ±ble Bulma,  åƒè¬ä¸è¦éŒ¯éç¦±å‘Šæ™‚é–“ï¼æ‰¾åˆ°æœ€è¿‘çš„æ¸…çœŸå¯ºï¼Œä¹Ÿå¾ˆå®¹æ˜“çœ‹åˆ°æœæ‹œçš„æ–¹å‘ã€‚    ,Ozwork,4.2,https://play.google.com/store/apps/details?id=com.su.prayertimes
Learn Quran Tajwid: å­¦ä¹ é˜…è¯»å¤å…°ç»,  å­¦ä¹ è¯µè¯»æ­£ç¡®é˜¿æ‹‰ä¼¯è¯­å¤å…°ç»ä»¥åŠæ”¹å–„æ‚¨çš„å¤ªå‰éŸ¦å¾·å’Œå‘éŸ³éƒ¨ä½    ,www.learn-quran.co,4.7,https://play.google.com/store/apps/details?id=com.bi.learnquran
Azan India : prayer time india 2018,  é˜¿è´Šå°åº¦è¨ˆç®—åœ¨å°åº¦ï¼Œå¤è˜­ç¶“ï¼Œæœæ‹œï¼Œç¥ˆç¦±Adkaræ™‚é–“...    ,Mazoul dev,4.7,https://play.google.com/store/apps/details?id=ma.mazdev.azan.india
à¤•à¥à¤°à¤¾à¤¨ à¤®à¤œà¥€à¤¦ (à¤¹à¤¿à¤‚à¤¦à¥€)   ||   Al Quran Hindi,  åœ¨å°åœ°æ–‡çš„é«˜å“è³ªå…¨å¤è˜­ç¶“é¦¬å‰å¾·æ‡‰ç”¨ã€‚    ,Multi Tech Software,4.8,https://play.google.com/store/apps/details?id=com.muslim.quran_hindi
Quran English,  å¤è˜­ç¶“æœ‰è‹±æ–‡ç¿»è­¯ï¼Œä¸€å­—ä¸€å¥ï¼Œç¥ˆç¦±æ™‚é–“å’ŒATHANå ±è­¦ã€‚    ,Andi Unpam,4.8,https://play.google.com/store/apps/details?id=com.andi.alquran.en
Adzan Times & Qur'an,  æ‡‰ç”¨ç¨‹åºå°‡å¹«åŠ©ä½ æé†’ç¥ˆç¦±æ™‚é–“ï¼Œé–±è®€å¤è˜­ç¶“å’ŒHadits    ,M HUSNI SYAHBANI,4.5,https://play.google.com/store/apps/details?id=com.hmobile.adzantimes
Al-Quran Mp3 (Full 30 Juz),  è‘—åæœ—èª¦å¤è˜­ç¶“çš„MP3ï¼ˆ30ä¸€å·ï¼Œ144å¤è˜­ç¶“ï¼‰    ,MahaStudio,4.7,https://play.google.com/store/apps/details?id=com.alquran.audio.maha
Islamic Calendar /Prayer Times /Qibla /Find Masjid,  è¬å¹´æ›†æœ€ä½³è¨­è¨ˆï¼Œæ—¥æœŸè½‰æ›ï¼Œç¥ˆç¦±æ™‚é–“ï¼Œæœæ‹œå’Œæ¸…çœŸå¯ºå®šä½å™¨ã€‚    ,ARz,4.7,https://play.google.com/store/apps/details?id=arz.islamiceventmanager
äºº å¤è˜­ç¶“,  å®Œæ•´çš„å¤è˜­ç¶“æ–‡å’Œç¿»è­¯èˆ‡ç¾è§€æ˜“ç”¨çš„ç”¨æˆ¶ç•Œé¢    ,EALIM TECHNOLOGY LIMITED,4.5,https://play.google.com/store/apps/details?id=com.eAlimTech.Quran
Prayer Times,  åœ¨ä¸–ç•Œä¸Šçš„ä»»ä½•ä½ç½®æ‰¾åˆ°ç¥ˆç¦±æ™‚åºä¸­çš„æ‡‰ç”¨ã€‚    ,Dawat-e-Islami,4.7,https://play.google.com/store/apps/details?id=com.dawateislami.namaz
Qibla Compass Azanç¥·å‘Šæ—¶é—´,  Qibla Finderä¸ç¥·å‘Šæ—¶ä»£å’ŒAsmaul Husna 99ä¸ªçœŸä¸»çš„åå­—    ,khasologix,4.4,https://play.google.com/store/apps/details?id=com.khaso.qiblafinder.prayertimes.asmaulhusna
Qibla - Arah Kiblat,  æº–ç¢ºçš„æœæ‹œå–æ™¯å™¨ï¼Œç¾åœ¨å¾ˆå®¹æ˜“åœ°æ‰¾åˆ°æœæ‹œæ–¹å‘ã€‚    ,ItCoil,4.1,https://play.google.com/store/apps/details?id=com.itcoil.qiblafinder
Dua & Azkar,  æœé˜¿å’ŒAzkaræ˜¯æ¯å¤©çš„æ—¥å¸¸Du'aå’ŒAzkaræœ€çœŸå¯¦çš„æ‡‰ç”¨ç¨‹åºä¹‹ä¸€    ,Ahsanul Haque,4.7,https://play.google.com/store/apps/details?id=com.ls.arabic
æœ€ç¾éº—çš„è²éŸ³å®£ç¦®,  æœ€ç¾éº—çš„è²éŸ³å®£ç¦®    ,PROFETTIONAL_APP,4.5,https://play.google.com/store/apps/details?id=com.boom.adanIslam
Namaz Vakti,  å®—æ•™äº‹å‹™ - ç¥ˆç¦±åŸºå‘ä¸­çš„æ‡‰ç”¨    ,Diyanet Ä°ÅŸleri BaÅŸkanlÄ±ÄŸÄ±,4.4,https://play.google.com/store/apps/details?id=com.mobilion.diyanet.namazvakit
Al Quran MP3 Full Offline,  æ‰€æœ‰åœ¨é€™å€‹æ‡‰ç”¨ç¨‹åºå¤è˜­ç¶“èƒŒèª¦éƒ½æ˜¯å…è²»ä¸‹è¼‰å’Œè”“å»¶ç‚ºMP3ã€‚    ,andromoapp,4.7,https://play.google.com/store/apps/details?id=com.andromo.dev442089.app510450
Azan MP3,  ç¾éº—çš„é˜¿è´Š    ,yuumedia,4.5,https://play.google.com/store/apps/details?id=com.andromo.dev27966.app213222
"Qibla Locator: Prayer Times, Azan & Ramadan 2018","  Qibla Finder with Ramadan 2018, Salah Times, Map, Azan Alarms,  Calendar & more.    ",SoulAppsWorld Tech,4.6,https://play.google.com/store/apps/details?id=com.qiblacompass.finder
Islamic Prayer Time & Calendar,  åœ¨ä¸€å€‹æ‡‰ç”¨ç¨‹åºï¼Œå›æ­·æ¯”å…¬æ›†ï¼Œç¥ˆç¦±æ™‚é–“ï¼Œéº¥åŠ æ–¹å‘å’Œå¤è˜­ç¶“æœé˜¿æ–¯    ,Mohamed Rabbani,4.5,https://play.google.com/store/apps/details?id=com.imam.islamiccalendar
Auto Azan Alarm,  æ ¹æ“šä½ çš„ä½ç½®è‡ªå‹•å–šç¦®å ±è­¦å’Œè‡ªå‹•å ±è­¦é½‹æœˆ    ,AlijSoftSolution,4.7,https://play.google.com/store/apps/details?id=com.alijdeveloper.autoazanalarm
iQuran Lite,  é–±è®€â€œå¤è˜­ç¶“â€åœ¨é˜¿æ‹‰ä¼¯èªä¸­é™¤äº†ç¿»è­¯ï¼Œèˆ‡å½©è‰²ç·¨ç¢¼Tajâ€‹â€‹weedã€‚    ,Beehive Innovation Services,4.7,https://play.google.com/store/apps/details?id=com.guidedways.iQuran
æœå‘å®šä½æœç´¢,  æ‰¾åˆ°æœæ‹œçš„æ–¹å‘æ— è®ºä½ åœ¨å“ªé‡Œã€‚ä½¿ç”¨æŒ‡å—é’ˆå’Œåœ°å›¾ã€‚    ,Heidi Mobil Apps,4.1,https://play.google.com/store/apps/details?id=org.dtalpen.qibla
Surah Yasin,  é–±è®€å¤è˜­ç¶“äºè¾›èˆ‡æ„è­¯ï¼ŒéŸ³è­¯å’ŒèƒŒèª¦äº†2æœ—èª¦è€…    ,Quran Reading,4.7,https://play.google.com/store/apps/details?id=com.QuranReading.SurahYaseen
HOLY QURAN - Ø§Ù„Ù‚Ø±Ø¢Ù† Ø§Ù„ÙƒØ±ÙŠÙ…,  èƒŒèª¦å¤è˜­ç¶“èˆ‡çœŸå¯¦çš„æ„Ÿè¦ºï¼Œå°±åƒåœ¨ä½ çš„æ‰‹çš„å¯¦éš›å¤è˜­ç¶“ã€‚    ,FanzeTech,4.8,https://play.google.com/store/apps/details?id=com.fanzetech.quran
å­¸ç¿’ å¤è˜­ç¶“ æœ—èª¦ï¼Œ è¨˜æ†¶ å¤è˜­ç¶“,  å­¸ç¿’ï¼Œè¨˜ä½å¤è˜­ç¶“çš„èª¦è®€ï¼Œæœ€é©åˆå­©å­ã€‚    ,Utility Daily Apps,4.6,https://play.google.com/store/apps/details?id=com.smartthoughtapps.learn.quran.recitation.forkids
Micro Qibla,  å…‰æ»‘ï¼Œé‡é‡è¼•ï¼Œé€Ÿåº¦å¿«; 0.02MBä¸‹è¼‰å¤§å°è€Œå·²ï¼    ,L33CH.com,4.2,https://play.google.com/store/apps/details?id=com.l33ch.qibla.free
å¤å…°ç»Bahasa Melayu MP3æ–‡ä»¶,  å¤å…°ç»Kareemä¸é©¬æ¥æ­Œé¢‚ä¸ç¿»è¯‘mp3    ,Quran Reading,4.7,https://play.google.com/store/apps/details?id=com.QuranReading.quranmelayu
Quran Mp3 and Audio,  å…è²»çš„éŸ³é »å¤è˜­ç¶“å’ŒMP3    ,ISLAMIC-APPS,4.8,https://play.google.com/store/apps/details?id=com.IslamicApps.QuranMp3.Quran.QuranAudio
Scan Halal,  æ•¸ä»¥ç™¾è¬è¨ˆçš„ç©†æ–¯æ—çš„ä¿¡è³´ã€‚ä¸–ç•Œä¸Šæœ€å¤§çš„æ¸…çœŸç”¢å“æŒ‡å—    ,Scan Halal,4.1,https://play.google.com/store/apps/details?id=com.anasrazzaq.scanhalal
Quran with Urdu Translation,  ç”¨çƒçˆ¾éƒ½èªç¿»è­¯å®‰è£ç¾éº—çš„å¤è˜­ç¶“é¦¬å‰å¾·    ,Quran Reading,4.7,https://play.google.com/store/apps/details?id=com.QuranReading.urduquran
Al Quran MP3 (Full Offline),  ç¾åœ¨è½å…¨å¤è˜­ç¶“é›¢ç·šæ²’æœ‰äº’è¯ç¶²é€£æ¥    ,SY Media,4.8,https://play.google.com/store/apps/details?id=com.andromo.dev445584.app545102
Islamic(Urdu) Calendar 2018,  ä¼Šæ–¯è˜­ï¼ˆçƒçˆ¾éƒ½èªï¼‰æ—¥æ›†2018    ,raansh developers,4.5,https://play.google.com/store/apps/details?id=com.ansh.urducalendar
Qibla Compass: A Minimal Qibla Direction Locator,  æº–ç¢ºå’Œå„ªé›…çš„æœæ‹œå®šå‘å„€çš„Namazã€‚    ,Naaz Apps,4.7,https://play.google.com/store/apps/details?id=com.naaz.toolkit.rooh.qibla.compass
"Ramadan 2018 & Prayer timings, Qibla Compass",  å…¨çƒé½‹æœˆ2018èˆ‡ç¦±å‘Šè¨ˆæ™‚ï¼ŒæŒ‡å—é‡æœæ‹œï¼Œé™„è¿‘çš„æ¸…çœŸå¯ºï¼ŒTasbeehã€‚    ,MUSKAN TECH,4.6,https://play.google.com/store/apps/details?id=com.muskantech.ramadancalendar2017
40 Rabbanasï¼ˆduaaså¯è˜­ç¶“ï¼‰,  é€™40 Rabbanasåœ¨â€œå¯è˜­ç¶“â€    ,dimach.cassiope,4.6,https://play.google.com/store/apps/details?id=com.chaks.rabbana
ä¼Šæ–¯å…°å†,  ä¼Šæ–¯å…°å†ï¼ˆå›å†ï¼‰æ˜¯ä¸€ä¸ªåº”ç”¨ç¨‹åºçš„ä»æ ¼é›·æˆˆé‡Œæ—¥æœŸè½¬æ¢å›å†    ,Kodelokus Cipta Aplikasi,4.6,https://play.google.com/store/apps/details?id=com.kodelokus.hijri
Al Athan : Prayer Times,  äººATHANæ˜¯éå¸¸ç²¾ç¢ºçš„æ‡‰ç”¨ç¨‹åºé€šéç”¨æˆ¶ä½ç½®æª¢æ¸¬ç¥ˆç¦±æ™‚é–“    ,Islamiatuk,4.7,https://play.google.com/store/apps/details?id=com.islamiatuk.athan_salat_precise
Al Quran Al karim,  ç€è¦½å¤è˜­ç¶“åƒå°åˆ·ç‰ˆã€‚    ,Mohamed Dahroug,4.6,https://play.google.com/store/apps/details?id=com.yallasoft.quran
Salaat first 2018 - horaires de priÃ¨re,  salaaté¦–å…ˆæä¾›ç©†æ–¯æ—ç¥ˆç¦±å°æ™‚ï¼Œæœæ‹œçš„æ–¹å‘    ,marodroid,4.8,https://play.google.com/store/apps/details?id=org.marodroid.salatfirst
æœæ‹œå‘ç°è€…ï¼šç¥ˆç¥·æ—¶é—´å’Œæ–‹æœˆ2018å¹´,  ç¥ˆç¥·æ—¶é—´çš„å¥‘æ³¢æ‹‰å‘ç°è€…ï¼ŒAzanï¼Œæ–‹æœˆ2018ï¼ŒQibla Compassï¼†Moreã€‚    ,RabbiApps,4.5,https://play.google.com/store/apps/details?id=com.prayertimes.qiblafinder
å¤å…°ç»å¤å…°ç»ï¼ˆæ™ºèƒ½ç­†ï¼‰,"  å¯å…°ç»,æ²¡æœ‰å¹¿å‘Š, çº¿ä¸Šéº¦åŠ  éº¦åœ°é‚£,é¢‚ç¥, æŒ‡å—é’ˆ,æ— çº¿ç”µå¯å…°ç»,30 è¯»è€…,160 ç¥ˆç¥·    ",Sigma Telecom LLC,4.7,https://play.google.com/store/apps/details?id=com.cellsigma.kalemKuran
Ø§Ù„Ù‚Ø±Ø§Ù† Ø§Ù„ÙƒØ±ÙŠÙ… ÙƒØ§Ù…Ù„ 95 Ù…Ù‚Ø±Ø¦ Ø¨Ø¯ÙˆÙ† Ø£Ù†ØªØ±Ù†Øª,  å¤è˜­ç¶“æœ—èª¦è€…æ»¿95    ,Andro 2014,4.6,https://play.google.com/store/apps/details?id=fr.meilleurlogiciel.holyquranpro
Top Islamic Ringtones 2018,  å…è²»ä¼Šæ–¯è˜­é˜¿æ‹‰ä¼¯éˆ´è²ä¼Šæ–¯è˜­æ­Œæ›²ä¸‹è¼‰å…è²»çš„MP3    ,Top Free Ringtones,4.7,https://play.google.com/store/apps/details?id=islamic.ringtones.islamicRingtones2017.islamicsongs2017
æŒ‡å—é‡æœæ‹œæ–¹å‘,  è®“ä½ çš„æœæ‹œæ–¹å‘ï¼Œèªªç¥ˆç¦±åœ¨æœè‘—æ­£ç¢ºçš„æ–¹å‘    ,Islamic world,4.1,https://play.google.com/store/apps/details?id=com.islam.islamic.compass.qibla.direction
Ø§Ù„Ù…Ø¤Ø°Ù† Ø§Ù„Ø¬Ø¯ÙŠØ¯,  æ–°çš„å®£ç¦®å“¡    ,Infinite Lab,4.5,https://play.google.com/store/apps/details?id=tamer.android.prayertimes
Surah Yaseen,  å¤è˜­ç¶“äºè¾›ï¼ˆå¤è˜­ç¶“çš„ï¼‰æ˜¯æœ—èª¦ä¼Šæ–¯è˜­æ™ºèƒ½æ‰‹æ©Ÿçš„æ‡‰ç”¨ç¨‹åºã€‚    ,123Muslim,4.8,https://play.google.com/store/apps/details?id=com.islam.suratyaseen
Mishary Full Offline Quran MP3,  è¬èµ«Â·æ‹‰å¸Œå¾·Misharyå®Œæ•´Alafasyå¤è˜­ç¶“MP3å¤è˜­ç¶“Offline.Fullé›¢ç·š    ,KareemTKB,4.8,https://play.google.com/store/apps/details?id=com.andromo.dev531271.app502642
Remind Me | Auto Athkar - En,  æé†’æˆ‘|æ°¸é ä¸è¦å¿˜è¨˜æåˆ°çœŸä¸»ã€‚è‡ªå‹•Athkar / Azkar .. dhikrçš„æé†’    ,Mohammad AL-Ali,4.6,https://play.google.com/store/apps/details?id=com.shamDroid.RemindMe
"Islamic Calendar: Athan, Prayer time, Qibla, Quran",  ä¼Šæ–¯è˜­æ­·åŠ 15ç©†æ–¯æ—æ‡‰ç”¨ï¼šATHANï¼Œç¥ˆç¦±æ™‚é–“ï¼Œå¯è˜­ç¶“ï¼Œæœæ‹œæŒ‡å—é‡    ,ImranQureshi.com,4.5,https://play.google.com/store/apps/details?id=com.EaseApps.IslamicCalFree
æ•™å­©å­å¤è˜­ç¶“1,  æ•™å­©å­å¤è˜­ç¶“1    ,4enc.com,4.6,https://play.google.com/store/apps/details?id=air.Teaching.Kids.the.Holy.Quran.A4enc
æ¯æ—¥æœé˜¿å¯¹å„¿ç«¥ - ç³»åˆ—æœé˜¿é˜¿æ‹‰ä¼¯è¯­å½•éŸ³æ˜¯æ ¹æ®ç©†æ–¯æ—çš„ä¹¦,  æ¯æ—¥æœé˜¿å¯¹å„¿ç«¥ - ç³»åˆ—æœé˜¿é˜¿æ‹‰ä¼¯è¯­å½•éŸ³æ˜¯æ ¹æ®ç©†æ–¯æ—çš„ä¹¦    ,Osratouna,4.7,https://play.google.com/store/apps/details?id=com.osratouna.translateddowaa
HOLY QURAN (Read Free),  è¼•é¬†èƒŒèª¦å¤è˜­ç¶“ã€‚ä½ è¦ºå¾—åœ¨ä½ çš„æ‰‹çœŸå¤è˜­ç¶“é é¢ã€‚    ,Sahell,4.8,https://play.google.com/store/apps/details?id=com.sahell.holyquran
Ø§ØªØ¬Ø§Ù‡ Ø§Ù„Ù‚Ø¨Ù„Ø©, Ù‡Ø°Ø§Ø§Ù„Ø¨Ø±Ù†Ø§Ù…Ø¬ÙŠØ¨ÙŠÙ†Ø§ØªØ¬Ø§Ù‡Ø§Ù„Ù‚Ø¨Ù„Ø©Ø¨Ø§Ø³ØªØ®Ø¯Ø§Ù…Ø§Ù„Ø¨ÙˆØµÙ„Ø©ÙˆØ¬ÙŠØ¨ÙŠØ§Ø³    ,Euphrates Media,4.2,https://play.google.com/store/apps/details?id=com.euphratesmedia.findqibla_arabic
Memorize Quran,  ç¨‹åºè¨˜æ†¶å¤è˜­ç¶“    ,Ottoman Software,4.6,https://play.google.com/store/apps/details?id=com.engineery.memorizequran
Uzbek Quran Audio,  O'zbekcha Qur'onå¤è˜­ç¶“MP3éŸ³é »è²éŸ³çš„è²éŸ³ - éŸ³é »ovozli ovoz    ,App para smartphone Android,4.8,https://play.google.com/store/apps/details?id=com.doceapps_alcorao_audio_uzbek.doceapps_alcorao_audio_uzbek
Quran with English Translation,  å¤è˜­ç¶“èˆ‡ç¿»è­¯ - è®€å’Œè½å¤è˜­ç¶“è‹±èªç¿»è­¯    ,Quran-Online,4.8,https://play.google.com/store/apps/details?id=com.quran.tmenglishtranslation
myQuran - Quran with Tafsir,  å¤è˜­ç¶“çš„æ„ç¾©å’Œå¡”è²»çˆ¾çš„ç¿»è­¯ã€‚    ,Gatafan Ltd.,4.9,https://play.google.com/store/apps/details?id=com.gatafan.myquran
Al Sudais Full Quran Offline,  é«˜å“è³ªçš„å®Œæˆå¤è˜­ç¶“é˜¿åœæœå‹’Â·æ‹‰èµ«æ›¼Â·Sudaisã€‚è½å®Œæ•´å¤è˜­ç¶“Sudaisç¾åœ¨    ,KareemTKB,4.8,https://play.google.com/store/apps/details?id=com.andromo.dev391844.app455786
Ø§Ù„Ù‚Ø±Ø§Ù† Ø§Ù„ÙƒØ±ÙŠÙ… Ø¨Ø§Ù„ØªÙØ³ÙŠØ±,  å¯è˜­ç¶“çš„è¨ˆåŠƒï¼Œé–±è®€å’Œè½å£è­¯å’Œæœç´¢çš„å¯èƒ½æ€§æœ—èª¦    ,Hakem Zaied,4.7,https://play.google.com/store/apps/details?id=com.nanosoft.holy.quran
Hisnul Muslim | Ø­ØµÙ† Ø§Ù„Ù…Ø³Ù„Ù…,  ä¾†è‡ªå¤è˜­ç¶“å’Œè–è¨“æ­£å®—çš„æ‡‡æ±‚    ,admads.com,4.7,https://play.google.com/store/apps/details?id=com.admads.android.HisnulMuslim_Google_JQM
Salaat first - Horaires de salat,  Salaaté¦–å…ˆå…è¨±è¢«é€šçŸ¥ç¥ˆç¦±æ™‚é–“è¡¨ï¼ˆå®£ç¦®ï¼‰    ,Salat Studio,4.7,https://play.google.com/store/apps/details?id=com.adhan.salat
Ø§Ù„Ù‚Ø±Ø¢Ù† Ø§Ù„ÙƒØ±ÙŠÙ… Ø¨Ø¯ÙˆÙ† Ø§Ù†ØªØ±Ù†Øª,  é–±è®€å…¨æ–‡å¤è˜­ç¶“æ²’æœ‰äº’è¯ç¶²    ,Mohamed Hussien,4.6,https://play.google.com/store/apps/details?id=com.mohamedhussien.readquran.offline
Azan mp3 Fajr,  å…è²»é˜¿è´Šçš„MP3æ™¨2018 100å¤šæ¼‚äº®é˜¿è´Šä¾†è‡ªä¸–ç•Œå„åœ°çš„    ,Abidah AI,4.6,https://play.google.com/store/apps/details?id=com.dariayahuntukabidah.abidahai.azanmp3fajr
å¯è˜­ç¶“,  äº¤æµå¯ä»¥è®“ä½ æ²’æœ‰äº’è¯ç¶²å¡é‡Œå§†é–±è®€    ,Bekir Kaya,4.7,https://play.google.com/store/apps/details?id=com.manevikardeslik.kuran
Muslim kids guide Salah & Wudu,  è–©æ‹‰èµ«å’Œäº”æ¯’æ˜¯å­©å­å€‘ä¸€å€‹ä¼Šæ–¯è˜­çš„æ‡‰ç”¨ç¨‹åºï¼ˆå…’ç«¥ï¼‰    ,Osratouna,4.8,https://play.google.com/store/apps/details?id=com.salah.osratouna
Ø§Ø°ÙƒØ§Ø± Ø§Ù„Ù…Ø³Ù„Ù… - ÙŠÙ†Ø¨Ù‡ ØªÙ„Ù‚Ø§Ø¦ÙŠØ§Ù‹,  è¿½æ†¶ç©†æ–¯æ— - ä¾†è‡ªå¤è˜­ç¶“å’Œç¥ˆç¦±ç¶“æ–‡ - å®ƒæœƒè‡ªå‹•é¡¯ç¤º    ,Ammanify,4.8,https://play.google.com/store/apps/details?id=ammanify.apps.auto_athkar
å¤è˜­ç¶“tajweed,  æ™ºèƒ½å¤è˜­ç¶“æ‡‰ç”¨ï¼Œå¯å¹«åŠ©å®Œå–„é€™å€‹å­¸/æœ‰tajweedèƒŒèª¦å¯è˜­ç¶“    ,Al Noor Apps - 3D & VR Islamic Apps,4.8,https://play.google.com/store/apps/details?id=com.al.quran.tajweed
French Quran Audio,  å¤è˜­ç¶“æ³•èª - æ³•åœ‹å¤è˜­ç¶“éŸ³é »è²éŸ³èªéŸ³MP3    ,App para smartphone Android,4.7,https://play.google.com/store/apps/details?id=com.doceapps_alcorao_audio_french.doceapps_alcorao_audio_french
å¤å…°ç» MP3,  å¤å…°ç» ä¸­å›½ - Chinese Audio Holy Quran MP3 - éŸ³é¢‘ å£°éŸ³ è¯­éŸ³    ,DedaÂ´s Applications,4.6,https://play.google.com/store/apps/details?id=com.quran_mp3_multi.quran_mp3_multi
Full Quran Abdulbasit Offline,  Abdulbasit Aâ€‹â€‹bdussamadå¤è˜­ç¶“å®Œæ•´mp3ä¸‹ç·šã€‚ Abdulbasitå…¨éƒ¨å¤è˜­ç¶“ç•¶å‰é›¢ç·š    ,KareemTKB,4.8,https://play.google.com/store/apps/details?id=com.andromo.dev531271.app526435
Holy Quran (16 Lines per page),  ç‰¹åˆ¥16è™Ÿç·šå¤è˜­ç¶“åœ¨ä½ æ‰‹ä¸­çœŸæ­£å¤è˜­ç¶“çš„æ„Ÿè¦ºã€‚    ,FanzeTech,4.7,https://play.google.com/store/apps/details?id=com.fanzetech.holyquran
Al Quran-ul-Kareem,  å°æ–¼ç©†æ–¯æ—ä¸–ç•Œçš„å…è²»æ•¸å­—é–±è®€å¤è˜­ç¶“    ,IT department of Dawateislami,4.9,https://play.google.com/store/apps/details?id=com.dawateislami.alquranulkareem
Six Kalmas of Islam,  é€™æ˜¯ä¸€å€‹ç°¡å–®çš„Andrâ€‹â€‹oidæ‡‰ç”¨ç¨‹åºï¼Œæ¨‚ç„¶ä¼Šæ–¯è˜­æ•™çš„å…­å€‹Kalmas / Kalimasã€‚    ,"Active Mobile Applications, LLC",4.8,https://play.google.com/store/apps/details?id=com.technosys.sixkalmas
Ø¨Ø±Ù†Ø§Ù…Ø¬ Ø§Ù„Ù…Ø¤Ø°Ù† .Ù…ÙˆØ§Ù‚ÙŠØª Ø§Ù„ØµÙ„Ø§Ø© .ØªØ°ÙƒÙŠØ± Ø§Ù„ØµÙ„Ø§Ø©,  å®£ç¦®å“¡è¨ˆåŠƒå’Œç¦±å‘Šæ™‚é–“ç¦±å‘Šè­¦å ±    ,EmyPro,4.5,https://play.google.com/store/apps/details?id=com.EmyPro.prayertimes
Echo Prayer,  é€™ç¨®å·¥å…·å¯ä»¥å¹«åŠ©ä½ ç¥ˆç¦±    ,Echo Prayer,4.3,https://play.google.com/store/apps/details?id=com.cloversites.echo
Azan Makkah,  å¾Mekkahå’Œä¸–ç•Œå„åœ°è‘—åçš„å®£ç¦®æ”¶é›†    ,ZAPP Android,4.7,https://play.google.com/store/apps/details?id=com.andromo.dev651113.app647410
Islam 360,  å®Œæ•´çš„ä¼Šæ–¯è˜­æŒ‡å°    ,Zahid Hussain Chihpa,4.9,https://play.google.com/store/apps/details?id=com.islam360
Quran in Urdu Translation MP3 with Audio Tafsir,  é‹å¤è˜­ç¶“èˆ‡çƒçˆ¾éƒ½èªç¿»è­¯ï¼ŒMP3æœ—èª¦å’ŒéŸ³é »ç¿»è­¯åŠç¶“æ³¨ï¼    ,IslamicWorld,4.7,https://play.google.com/store/apps/details?id=com.islamicworld.urduquran
Ø­Ø¯ÙŠØ« ÙƒÙ„ Ø³Ø§Ø¹Ø©: Ø¨Ø¯ÙˆÙ† Ø£Ù†ØªØ±Ù†Øª,  æ”¶é›†è–è¨“çš„ä¼Šæ–¯è˜­æ›¸ç±ï¼Œå¦‚å¸ƒå“ˆé‡Œè–è¨“å’Œç©†æ–¯æ—è–è¨“æ¡å–    ,islamic apps,4.8,https://play.google.com/store/apps/details?id=com.boulla.ahadith
AlQuran (Complete 30 Juz),  MP3å¤è˜­ç¶“éŸ³é »å®Œæ•´çš„30ä¸€å·ã€‚å¤è˜­ç¶“æœ—èª¦è‘—åQori    ,Barokah Studio,4.7,https://play.google.com/store/apps/details?id=com.quran.alquranfull.quranmp3
Hausa Quran Audio,  è±ªè–©èªéŸ³é »å¤è˜­ç¶“MP3    ,App para smartphone Android,4.7,https://play.google.com/store/apps/details?id=com.doceapps_alcorao_audio_hausa.doceapps_alcorao_audio_hausa
Ø£Ø°ÙƒØ§Ø± Ø§Ù„Ù†ÙˆÙ… ÙˆØ§Ù„Ø§Ø³ØªÙŠÙ‚Ø§Ø¸ - Ù…Ø³Ù…ÙˆØ¹Ø©,  è¿½æ†¶ç¡çœ å’Œè¦ºé†’çš„è²éŸ³å’ŒMqrahä¸¦å¸¶æœ‰è‡ªå‹•è­¦å ±ï¼ˆç¦±å‘Šç¡çœ ï¼‰    ,Ayatapps,4.7,https://play.google.com/store/apps/details?id=com.ayatapps.sherifmahmoud.sleepwakup
AlQuran-Murottal 30 Juz,  é–±è®€å¤è˜­ç¶“30ä¸€å·çˆ†æ»¿ï¼Œ14åé˜¿è¨‡    ,Queenza dev,4.6,https://play.google.com/store/apps/details?id=com.andromo.dev341420.app413745
Adkar Kitab Burda-Swalat-Dua,  Dikrï¼Œæœé˜¿ï¼ŒSwalath    ,Global Vision Apps,4.6,https://play.google.com/store/apps/details?id=com.andromo.dev169314.app176344
Ruqyah Shariah Full MP3,  Ruqyahæ•™æ³•æ‰“æ“Šæ™‰ï¼Œé»‘é­”æ³•ï¼ˆSihrï¼‰ï¼Œèˆ‡é‚ªæƒ¡çš„Eye.Worksé›¢ç·šã€‚    ,KareemTKB,4.7,https://play.google.com/store/apps/details?id=com.andromo.dev391844.app403964
Muslimapp.id - Adzan Kiblat Quran Aqiqah Qurban,  MuslimApp /ç©†æ–¯æ—æ‡‰ç”¨ä¸­çš„æ‰€æœ‰ç©†æ–¯æ—ç¥ˆç¦±éœ€è¦åœ¨ä¸€å€‹æ‡‰ç”¨ç¨‹åº    ,muslimapp.id,4.8,https://play.google.com/store/apps/details?id=com.dmg.muslimapp
Quran with Urdu Translation, Ø³Ù†Ø¦Û’Ø§ÙˆØ±Ù¾Ú‘Ú¾ÛŒÛ’Ù‚Ø±Ø¢Ù†Ø§Ø±Ø¯ÙˆØªØ±Ø¬Ù…ÛÚ©Û’Ø³Ø§ØªÚ¾è½èˆ‡è®€å¤è˜­ç¶“èˆ‡çƒçˆ¾éƒ½èªç¿»è­¯    ,Quran-Online,4.8,https://play.google.com/store/apps/details?id=com.quran.urdutarjuma
Islamic Duas for Success,  æœé˜¿å’Œç¥ˆç¦±å¾å¤è˜­ç¶“è–è¨“ç©†æ–¯æ—ç²å–å›°é›£äº†    ,IqraSense.com,4.7,https://play.google.com/store/apps/details?id=sigmatech.ik.duas
Learn Namaz in Urdu + Audio,  äº†è§£Namazæ­¥æ­¥ç‚ºç”·æ€§å’Œå¥³æ€§è²éŸ³æœ—èª¦ä¸€æ­¥ã€‚    ,Islamic Basic Education,4.9,https://play.google.com/store/apps/details?id=com.ibe.learn.namaz.urdu.step.by.step
Sheikh Sudais Quran Full MP3,  è¬èµ«sudaiså¤è˜­ç¶“å®Œæ•´mp3è®“ä½ è½è¬èµ«Â·sudaisã€‚åœ¨ç·šå·¥ä½œ    ,KareemTKB,4.7,https://play.google.com/store/apps/details?id=com.andromo.dev391844.app362032
Ø±Ù†Ø§Øª Ø¥Ø³Ù„Ø§Ù…ÙŠØ© Ùˆ Ø§Ù†Ø§Ø´ÙŠØ¯ 2018,  ä¼Šæ–¯è˜­éˆ´è²å’Œæ­Œæ›²2018ç¾å¦™çš„è²éŸ³ï¼Œåœ¨ç©†æ–¯æ—ä¸–ç•Œè‡ªç”±çš„æœ€ä½³æ­Œæ‰‹    ,Tronico Apps,4.7,https://play.google.com/store/apps/details?id=islamicringtones2017.nasheed.islamicsongs.ranatdinia.naghamatislamia
ä¼Šæ–¯å…°å£çº¸,  å…è´¹ç¾ä¸½æœ€å¥½çš„ä¼Šæ–¯å…°å£çº¸ï¼    ,Okapps,4.7,https://play.google.com/store/apps/details?id=com.okappz.islamicwallpapers
Ramadan 2018,  2018å¹´é½‹æœˆå¡é‡Œå§†é½‹æœˆçš„ä¸‹ä¸€å€‹ç¥è–çš„ä¸€å€‹æœˆå€’è¨ˆæ™‚ï¼    ,AYRN,4.7,https://play.google.com/store/apps/details?id=ayrn.ramadan2018
Digital Tasbeeh Counter,  æ•¸é‡ï¼Œç¯€çœæ‚¨çš„dhikrçš„æ•¸å­—æ™ºèƒ½Tasbeehè¨ˆæ•¸å™¨ã€‚    ,Sewapp,4.7,https://play.google.com/store/apps/details?id=com.sevapp.smart_tasbeeh
Islamic Calendar Converter,  å¾å…¬æ›†ä¸€å€‹Androidè½‰æ›å·¥å…·è¿½æº¯è‡³å›æ­·æ—¥æœŸã€‚    ,AndroidRich,4.3,https://play.google.com/store/apps/details?id=gnu.islamiccalendar.android
æœæ‹œå®šä½å’Œç¥ˆç¥·æ—¶é—´,  è·å–æœæ‹œæ–¹å‘ç¬é—´å’Œç¥ˆç¥·çš„æ—¶é—´æé†’å…è´¹ã€‚    ,CapsaApps,4.3,https://play.google.com/store/apps/details?id=com.capsa.prayer.time
Halal Check E-Codes,  é£Ÿå“æ·»åŠ åŠ‘ï¼ˆE-è™Ÿï¼‰å’Œä»–å€‘çš„æ¸…çœŸç‹€æ…‹çš„æœ€å®Œæ•´çš„æ•¸æ“šåº«ã€‚    ,Ali Reza Farahnak,4.4,https://play.google.com/store/apps/details?id=com.islam.halalcheck
Ø§Ù„Ù…ØµØ­Ù,  ç•ç¨‹åºå®¹æ˜“å’Œç°¡å–®ï¼Œä¸¦ä¸”å…è²»é–±è®€å…¨èƒ½çš„ä¸Šå¸çš„è©±    ,A.Abdo,4.7,https://play.google.com/store/apps/details?id=com.abdo.quran
Al Quran and Translation,  ç‚ºAndroidç”¨æˆ¶æä¾›è„«æ©Ÿå…§å®¹å’Œç¿»è­¯å¤è˜­ç¶“æ‡‰ç”¨    ,the WALi studio,4.7,https://play.google.com/store/apps/details?id=wali.quran.latin.transliteration
belajar mengaji cepat,  å­¸ç¿’å¤è˜­ç¶“hijaiyahï¼Œharokatï¼Œç˜‹ç‹‚ï¼Œæœ—èª¦ï¼ŒèƒŒèª¦ç°¡çŸ­çš„ä¿¡ï¼ˆJuzammaï¼‰    ,Edutalk Indo Studio,4.5,https://play.google.com/store/apps/details?id=com.duasaudaradepok.BelajarMengajiAlQuran
Everyday Dua & Azkar mp3,  å…è²»æœé˜¿ï¼ˆæ‡‡æ±‚å’Œç´€å¿µå“ï¼‰ã€‚æœé˜¿ï¼†Azkarå„ç¨®å ´åˆã€‚    ,KareemTKB,4.7,https://play.google.com/store/apps/details?id=com.andromo.dev531271.app508164
SÄ±kÄ±ntÄ± iÃ§in Dualar,  æœ‰æ¥è¿‘ç´„ç„¡èŠç¦±å‘Š200å€‹æ‡‰ç”¨ç¨‹åºã€‚    ,HokkabazSoft,4.8,https://play.google.com/store/apps/details?id=com.kksal55.sikinti_dualari
"Morning & Evening Prayer, Verses, Promises& Quotes",  ç¥ˆç¦±ä¸€å€‹é ‚ç´šçš„é¡å®šåŸºç£æ•™ç¦±å‘ŠApp.Dailyæ›´æ–°æ—©æ™š    ,Christian Channel,4.7,https://play.google.com/store/apps/details?id=com.christian.prayeropera
Somali Quran Audio,  å¤è˜­ç¶“Soomaali  - ç´¢é¦¬é‡Œå¤è˜­ç¶“éŸ³é »è²éŸ³çš„èªéŸ³MP3  - éŸ³é »qodobbadanièªéŸ³    ,App para smartphone Android,4.7,https://play.google.com/store/apps/details?id=com.doceapps_alcorao_audio_somali.doceapps_alcorao_audio_somali
Top islamic ringtones and anasheed muslim 2018,  ä¼Šæ–¯è˜­anasheedï¼Œè‰²èª¿2018é«˜æ‰€é¸æ­Œæ›²ä¼Šæ–¯è˜­æ‡‰ç”¨åˆ°ç©†æ–¯æ—    ,Islamic_Apps2,4.7,https://play.google.com/store/apps/details?id=com.islamic_ringtones_2018.islamic_nasheed
iç©†æ–¯æ— - å¤è˜­ç¶“å’Œç¥ˆç¦±æ™‚é–“,  iMuslimï¼Œæœ€å¥½çš„å…è²»æ‡‰ç”¨ç¨‹åºç©†æ–¯æ—æ—¥å¸¸ä½¿ç”¨ã€‚    ,CY Security,4.7,https://play.google.com/store/apps/details?id=com.cyou.muslim
Praying Wives,  é€™æ˜¯ç¥ˆç¦±å¦»å­çš„å®˜æ–¹æ‡‰ç”¨ç¨‹åºï¼    ,Apollo Apps LLC,4.3,https://play.google.com/store/apps/details?id=com.apolloengine.sharonjaynes
Muslim Baby Names/Islamic Names For Girls/Boy Urdu,  æ ¹æ“šç©†æ–¯æ—è–è¨“ç©†æ–¯æ—å¿…é ˆé¸æ“‡å…·æœ‰è‰¯å¥½æ„ç¾©çš„åå­—ã€‚    ,iTouch,4.3,https://play.google.com/store/apps/details?id=com.iTouch.Islamic.Names.Quran.Meanings
Adan tunisie,  é˜¿ä¸¹çªå°¼æ–¯é¡¯ç¤ºç¥ˆç¦±æ™‚é–“è¡¨ï¼ŒAwkatè–©æ‹‰ç‰¹ï¼Œå–šç¦®ï¼Œå¤è˜­ç¶“ï¼Œæœæ‹œï¼Œ...    ,Mazoul dev,4.7,https://play.google.com/store/apps/details?id=ma.mazdev.adan.tunisia
NamazdayÄ±m ModÃ¼lÃ¼,  ATHANæ™‚é–“æ™®ç¾…è¿ªæˆ‘Namazdæ˜¯ä¸€å€‹æ¨¡å¡ŠåŒ–çš„æ‡‰ç”¨ç¨‹åºã€‚    ,MaviayÂ®,4.5,https://play.google.com/store/apps/details?id=com.mobilexsoft.namazdayim
namaz ka tarika,  ç”¨çƒçˆ¾éƒ½èªç¿»è­¯ï¼Œnamazï¼Œghusal KAçš„Trikaï¼Œå…­å¡çˆ¾é¦¬ï¼Œmasnoon duaein namazï¼Œ    ,urdumaster,4.8,https://play.google.com/store/apps/details?id=com.urdumaster.namaz.gusal.and.masnoon.duain
å›æ­·æ—¥æ›†ç©ºé–“,  æ—¥æœŸè¦–åœ–å›æ­·ï¼Œä»¥ä¿æŒèˆ‡ä¼Šæ–¯è˜­æ•™æ­·è§¸æ‘¸    ,Digital Valley,4.2,https://play.google.com/store/apps/details?id=com.sharpsol.digitalvalley.hijriCalendar
Muslim All in One : Pray Times,  é‹é™°ä¸æ˜¯ç©†æ–¯æ—APSï¼šç¦±å‘Šè€€ï¼ŒYauranï¼Œæœé˜¿ï¼Œè–è¨“é˜¿çˆ¾å·´ç‰¹ï¼Œå¨è„…Masyid    ,the WALi studio,4.6,https://play.google.com/store/apps/details?id=com.tws.apps.jadwalshalat
The Holy Quran - English,  å¤è˜­ç¶“ä¸­è‹±æ–‡ï¼Œä¸€å€‹å®Œæ•´çš„æœç´¢ç¿»è­¯èˆ‡éŸ³é »æœ—èª¦    ,Peace Through Understanding,4.4,https://play.google.com/store/apps/details?id=com.verypositive.Quran
